player_name,display_name,active,notes,id,pitcher,date,rel_speed,horz_break,induced_vert_break,original_pitch_type,new_pitch_type,new_pitcher,modified_at,pitch_key,created_at,PitchNo,Date,Time,PAofInning,PitchofPA,Pitcher,PitcherId,PitcherThrows,PitcherTeam,Batter,BatterId,BatterSide,BatterTeam,PitcherSet,Inning,Top/Bottom,Outs,Balls,Strikes,TaggedPitchType,AutoPitchType,PitchCall,KorBB,TaggedHitType,PlayResult,OutsOnPlay,RunsScored,Notes,RelSpeed,VertRelAngle,HorzRelAngle,SpinRate,SpinAxis,Tilt,RelHeight,RelSide,Extension,VertBreak,InducedVertBreak,HorzBreak,PlateLocHeight,PlateLocSide,ZoneSpeed,VertApprAngle,HorzApprAngle,ZoneTime,ExitSpeed,Angle,Direction,HitSpinRate,PositionAt110X,PositionAt110Y,PositionAt110Z,Distance,LastTrackedDistance,Bearing,HangTime,pfxx,pfxz,x0,y0,z0,vx0,vy0,vz0,ax0,ay0,az0,HomeTeam,AwayTeam,Stadium,Level,League,GameID,PitchUID,EffectiveVelo,MaxHeight,MeasuredDuration,SpeedDrop,PitchLastMeasuredX,PitchLastMeasuredY,PitchLastMeasuredZ,ContactPositionX,ContactPositionY,ContactPositionZ,GameUID,UTCDate,UTCTime,LocalDateTime,UTCDateTime,AutoHitType,System,HomeTeamForeignID,AwayTeamForeignID,GameForeignID,Catcher,CatcherId,CatcherThrows,CatcherTeam,PlayID,PitchTrajectoryXc0,PitchTrajectoryXc1,PitchTrajectoryXc2,PitchTrajectoryYc0,PitchTrajectoryYc1,PitchTrajectoryYc2,PitchTrajectoryZc0,PitchTrajectoryZc1,PitchTrajectoryZc2,HitSpinAxis,HitTrajectoryXc0,HitTrajectoryXc1,HitTrajectoryXc2,HitTrajectoryXc3,HitTrajectoryXc4,HitTrajectoryXc5,HitTrajectoryXc6,HitTrajectoryXc7,HitTrajectoryXc8,HitTrajectoryYc0,HitTrajectoryYc1,HitTrajectoryYc2,HitTrajectoryYc3,HitTrajectoryYc4,HitTrajectoryYc5,HitTrajectoryYc6,HitTrajectoryYc7,HitTrajectoryYc8,HitTrajectoryZc0,HitTrajectoryZc1,HitTrajectoryZc2,HitTrajectoryZc3,HitTrajectoryZc4,HitTrajectoryZc5,HitTrajectoryZc6,HitTrajectoryZc7,HitTrajectoryZc8,ThrowSpeed,PopTime,ExchangeTime,TimeToBase,CatchPositionX,CatchPositionY,CatchPositionZ,ThrowPositionX,ThrowPositionY,ThrowPositionZ,BasePositionX,BasePositionY,BasePositionZ,ThrowTrajectoryXc0,ThrowTrajectoryXc1,ThrowTrajectoryXc2,ThrowTrajectoryYc0,ThrowTrajectoryYc1,ThrowTrajectoryYc2,ThrowTrajectoryZc0,ThrowTrajectoryZc1,ThrowTrajectoryZc2,PitchReleaseConfidence,PitchLocationConfidence,PitchMovementConfidence,HitLaunchConfidence,HitLandingConfidence,CatcherThrowCatchConfidence,CatcherThrowReleaseConfidence,CatcherThrowLocationConfidence,SpinAxis3dTransverseAngle,SpinAxis3dLongitudinalAngle,SpinAxis3dActiveSpinRate,SpinAxis3dSpinEfficiency,SpinAxis3dTilt,SpinAxis3dVectorX,SpinAxis3dVectorY,SpinAxis3dVectorZ,SpinAxis3dSeamOrientationRotationX,SpinAxis3dSeamOrientationRotationY,SpinAxis3dSeamOrientationRotationZ,SpinAxis3dSeamOrientationBallYAmb1,SpinAxis3dSeamOrientationBallAngleHorizontalAmb1,SpinAxis3dSeamOrientationBallZAmb1,SpinAxis3dSeamOrientationBallAngleVerticalAmb2,SpinAxis3dSeamOrientationBallZAmb2,SpinAxis3dSeamOrientationBallXAmb4,SpinAxis3dSeamOrientationBallYAmb4,SpinAxis3dSeamOrientationBallAngleHorizontalAmb2,SpinAxis3dSeamOrientationBallAngleVerticalAmb1,SpinAxis3dSeamOrientationBallXAmb1,SpinAxis3dSeamOrientationBallYAmb2,SpinAxis3dSeamOrientationBallAngleHorizontalAmb4,SpinAxis3dSeamOrientationBallAngleVerticalAmb4,SpinAxis3dSeamOrientationBallXAmb2,SpinAxis3dSeamOrientationBallAngleVerticalAmb3,SpinAxis3dSeamOrientationBallAngleHorizontalAmb3,SpinAxis3dSeamOrientationBallXAmb3,SpinAxis3dSeamOrientationBallYAmb3,SpinAxis3dSeamOrientationBallZAmb3,SpinAxis3dSeamOrientationBallZAmb4,session_id,play_id,camera_slot,camera_name,camera_target,video_type,azure_blob,azure_md5,cloudinary_url,cloudinary_public_id,uploaded_at,PitchSession,Flag,CalibrationId,EffVelocity,PracticeType,Device,HitType,BatSpeed,VerticalAttackAngle,HorizontalAttackAngle
NA,NA,NA,NA,NA,NA,NA,NA,NA,NA,NA,NA,NA,NA,NA,NA,1,2026-01-09,10:19:30,NA,NA,"Stahl, Stefan",831102,Left,BAY_BEA,NA,NA,NA,NA,NA,NA,NA,NA,NA,NA,ChangeUp,NA,NA,NA,NA,NA,NA,NA,NA,72.48237,-2.090169494,3.280382253,1755.293666,114.3574318,09:45:00,5.58999,-1.02087,4.4627,NA,NA,NA,NA,NA,NA,NA,NA,NA,NA,NA,NA,NA,NA,NA,NA,NA,NA,NA,NA,13.15227,6.14108,0.69675,50,5.32655,-5.25068,-104.92762,-5.33133,14.47876,19.83521,-25.4136,NA,NA,NA,NA,NA,NA,NA,NA,NA,NA,NA,NA,NA,NA,NA,NA,NA,NA,NA,NA,NA,NA,NA,NA,NA,NA,NA,NA,NA,NA,NA,f7ccc2a4-ffd5-4beb-af7b-97a4fa2c8f21,NA,NA,NA,NA,NA,NA,NA,NA,NA,NA,NA,NA,NA,NA,NA,NA,NA,NA,NA,NA,NA,NA,NA,NA,NA,NA,NA,NA,NA,NA,NA,NA,NA,NA,NA,NA,NA,NA,NA,NA,NA,NA,NA,NA,NA,NA,NA,NA,NA,NA,NA,NA,NA,NA,NA,NA,NA,NA,NA,NA,NA,NA,NA,NA,NA,NA,NA,NA,-10.70368747,1724.75304,0.9826008453,NA,NA,NA,NA,NA,NA,NA,NA,NA,NA,NA,NA,NA,NA,NA,NA,NA,NA,NA,NA,NA,NA,NA,NA,NA,NA,NA,NA,NA,NA,NA,NA,NA,NA,NA,NA,NA,NA,Live,NA,47ed2e9f-5235-475d-b750-6e9d28bdab47,NA,Pitching,20470005,NA,NA,NA,NA
NA,NA,NA,NA,NA,NA,NA,NA,NA,NA,NA,NA,NA,NA,NA,NA,2,2026-01-09,10:19:48,NA,NA,"Stahl, Stefan",831102,Left,BAY_BEA,NA,NA,NA,NA,NA,NA,NA,NA,NA,NA,ChangeUp,NA,NA,NA,NA,NA,NA,NA,NA,71.86806,0.002483538416,2.626066772,1652.932189,109.9884826,09:45:00,5.57743,-1.19199,4.19743,-50.13092,8.22089,-22.75867,1.40223,-0.57123,65.18873,-9.143296919,-1.560903881,0.5497922021,NA,NA,NA,NA,NA,NA,NA,NA,NA,NA,NA,12.45171,4.19219,0.92571,50,5.52764,-4.01929,-104.09852,-1.65909,13.46096,19.89021,-27.64207,NA,NA,NA,NA,NA,NA,NA,NA,NA,NA,NA,NA,NA,NA,NA,NA,NA,NA,NA,NA,NA,NA,NA,NA,NA,NA,NA,NA,NA,NA,NA,0f14a580-1c04-46b3-8755-bae50d0b56eb,NA,NA,NA,NA,NA,NA,NA,NA,NA,NA,NA,NA,NA,NA,NA,NA,NA,NA,NA,NA,NA,NA,NA,NA,NA,NA,NA,NA,NA,NA,NA,NA,NA,NA,NA,NA,NA,NA,NA,NA,NA,NA,NA,NA,NA,NA,NA,NA,NA,NA,NA,NA,NA,NA,NA,NA,NA,NA,NA,NA,NA,NA,NA,NA,NA,NA,NA,107.8799217,-19.24390319,1560.57311,0.9441240972,09:30:00,NA,NA,NA,NA,NA,NA,NA,NA,NA,NA,NA,NA,NA,NA,NA,NA,NA,NA,NA,NA,NA,NA,NA,NA,NA,NA,NA,NA,NA,NA,NA,NA,NA,NA,NA,NA,NA,Live,NA,47ed2e9f-5235-475d-b750-6e9d28bdab47,68.55761,Pitching,20470005,NA,NA,NA,NA
NA,NA,NA,NA,NA,NA,NA,NA,NA,NA,NA,NA,NA,NA,NA,NA,3,2026-01-09,10:20:04,NA,NA,"Stahl, Stefan",831102,Left,BAY_BEA,NA,NA,NA,NA,NA,NA,NA,NA,NA,NA,Fastball,NA,NA,NA,NA,NA,NA,NA,NA,83.70442,-3.672486205,2.137933373,1902.747246,149.514214,11:00:00,5.80336,-0.80007,4.91973,-19.53892,22.53513,-13.25063,0.6963,0.11766,75.33946,-7.286858667,-0.3339618141,0.466851306,NA,NA,NA,NA,NA,NA,NA,NA,NA,NA,NA,7.63651,13.00122,0.60243,50,5.42935,-4.05933,-121.17054,-8.46712,11.15834,27.47232,-13.17689,NA,NA,NA,NA,NA,NA,NA,NA,NA,NA,NA,NA,NA,NA,NA,NA,NA,NA,NA,NA,NA,NA,NA,NA,NA,NA,NA,NA,NA,NA,NA,10d7e8be-89d1-4d46-a3c0-c7ca090c3352,NA,NA,NA,NA,NA,NA,NA,NA,NA,NA,NA,NA,NA,NA,NA,NA,NA,NA,NA,NA,NA,NA,NA,NA,NA,NA,NA,NA,NA,NA,NA,NA,NA,NA,NA,NA,NA,NA,NA,NA,NA,NA,NA,NA,NA,NA,NA,NA,NA,NA,NA,NA,NA,NA,NA,NA,NA,NA,NA,NA,NA,NA,NA,NA,NA,NA,NA,148.2552761,-12.42262737,1858.198983,0.9765873984,11:00:00,NA,NA,NA,NA,NA,NA,NA,NA,NA,NA,NA,NA,NA,NA,NA,NA,NA,NA,NA,NA,NA,NA,NA,NA,NA,NA,NA,NA,NA,NA,NA,NA,NA,NA,NA,NA,NA,Live,NA,47ed2e9f-5235-475d-b750-6e9d28bdab47,80.73757,Pitching,20470005,NA,NA,NA,NA
NA,NA,NA,NA,NA,NA,NA,NA,NA,NA,NA,NA,NA,NA,NA,NA,4,2026-01-09,10:20:34,NA,NA,"Stahl, Stefan",831102,Left,BAY_BEA,NA,NA,NA,NA,NA,NA,NA,NA,NA,NA,Fastball,NA,NA,NA,NA,NA,NA,NA,NA,82.94574,-2.793296853,2.506517907,1889.250948,150.4171588,11:00:00,5.80635,-0.74074,4.86325,-20.18932,22.58728,-12.82416,1.47599,0.564,74.78035,-6.5283769,0.1206711321,0.4707328773,NA,NA,NA,NA,NA,NA,NA,NA,NA,NA,NA,7.49505,12.68335,0.50455,50,5.5146,-4.80998,-120.16102,-6.57692,10.80116,26.39823,-13.89599,NA,NA,NA,NA,NA,NA,NA,NA,NA,NA,NA,NA,NA,NA,NA,NA,NA,NA,NA,NA,NA,NA,NA,NA,NA,NA,NA,NA,NA,NA,NA,97f4a494-ed25-4819-a47f-2692f1c4e11b,NA,NA,NA,NA,NA,NA,NA,NA,NA,NA,NA,NA,NA,NA,NA,NA,NA,NA,NA,NA,NA,NA,NA,NA,NA,NA,NA,NA,NA,NA,NA,NA,NA,NA,NA,NA,NA,NA,NA,NA,NA,NA,NA,NA,NA,NA,NA,NA,NA,NA,NA,NA,NA,NA,NA,NA,NA,NA,NA,NA,NA,NA,NA,NA,NA,NA,NA,NA,-13.66430353,1835.778508,0.9716964866,NA,NA,NA,NA,NA,NA,NA,NA,NA,NA,NA,NA,NA,NA,NA,NA,NA,NA,NA,NA,NA,NA,NA,NA,NA,NA,NA,NA,NA,NA,NA,NA,NA,NA,NA,NA,NA,NA,Live,NA,47ed2e9f-5235-475d-b750-6e9d28bdab47,80.07182,Pitching,20470005,NA,NA,NA,NA
NA,NA,NA,NA,NA,NA,NA,NA,NA,NA,NA,NA,NA,NA,NA,NA,5,2026-01-09,10:20:48,NA,NA,"Stahl, Stefan",831102,Left,BAY_BEA,NA,NA,NA,NA,NA,NA,NA,NA,NA,NA,ChangeUp,NA,NA,NA,NA,NA,NA,NA,NA,72.93065,-0.02708577725,1.095831932,1648.028542,121.3747572,10:00:00,5.58823,-1.23944,4.3392,-43.63195,12.64859,-20.82273,1.92635,-1.92753,66.05692,-8.017761142,-2.7449642930000002,0.539946219,NA,NA,NA,NA,NA,NA,NA,NA,NA,NA,NA,11.02697,6.49242,1.14159,50,5.54348,-1.33341,-105.75251,-1.49466,12.29769,20.59279,-24.93346,NA,NA,NA,NA,NA,NA,NA,NA,NA,NA,NA,NA,NA,NA,NA,NA,NA,NA,NA,NA,NA,NA,NA,NA,NA,NA,NA,NA,NA,NA,NA,0eeee210-fca9-4ae9-a19d-743959632997,NA,NA,NA,NA,NA,NA,NA,NA,NA,NA,NA,NA,NA,NA,NA,NA,NA,NA,NA,NA,NA,NA,NA,NA,NA,NA,NA,NA,NA,NA,NA,NA,NA,NA,NA,NA,NA,NA,NA,NA,NA,NA,NA,NA,NA,NA,NA,NA,NA,NA,NA,NA,NA,NA,NA,NA,NA,NA,NA,NA,NA,NA,NA,NA,NA,NA,NA,122.6442152,-6.173511462,1638.471274,0.9942007872,10:00:00,NA,NA,NA,NA,NA,NA,NA,NA,NA,NA,NA,NA,NA,NA,NA,NA,NA,NA,NA,NA,NA,NA,NA,NA,NA,NA,NA,NA,NA,NA,NA,NA,NA,NA,NA,NA,NA,Live,NA,47ed2e9f-5235-475d-b750-6e9d28bdab47,69.80777,Pitching,20470005,NA,NA,NA,NA
NA,NA,NA,NA,NA,NA,NA,NA,NA,NA,NA,NA,NA,NA,NA,NA,6,2026-01-09,10:21:03,NA,NA,"Stahl, Stefan",831102,Left,BAY_BEA,NA,NA,NA,NA,NA,NA,NA,NA,NA,NA,ChangeUp,NA,NA,NA,NA,NA,NA,NA,NA,70.90588,-0.5955963617,2.333287893,1568.322971,106.9648824,09:30:00,5.50333,-1.24517,4.36511,-52.68119,6.72828,-22.20438,0.54395,-0.86603,64.70827,-10.19527968,-1.758765284,0.5547524838,NA,NA,NA,NA,NA,NA,NA,NA,NA,NA,NA,12.1164,3.63652,1.01643,50,5.38926,-3.47397,-102.77554,-2.76267,12.79929,19.00041,-28.33257,NA,NA,NA,NA,NA,NA,NA,NA,NA,NA,NA,NA,NA,NA,NA,NA,NA,NA,NA,NA,NA,NA,NA,NA,NA,NA,NA,NA,NA,NA,NA,252ce5bd-577b-4538-9237-496623e3c5df,NA,NA,NA,NA,NA,NA,NA,NA,NA,NA,NA,NA,NA,NA,NA,NA,NA,NA,NA,NA,NA,NA,NA,NA,NA,NA,NA,NA,NA,NA,NA,NA,NA,NA,NA,NA,NA,NA,NA,NA,NA,NA,NA,NA,NA,NA,NA,NA,NA,NA,NA,NA,NA,NA,NA,NA,NA,NA,NA,NA,NA,NA,NA,NA,NA,NA,NA,NA,-19.79162705,1475.682542,0.9409302605,NA,NA,NA,NA,NA,NA,NA,NA,NA,NA,NA,NA,NA,NA,NA,NA,NA,NA,NA,NA,NA,NA,NA,NA,NA,NA,NA,NA,NA,NA,NA,NA,NA,NA,NA,NA,NA,NA,Live,NA,47ed2e9f-5235-475d-b750-6e9d28bdab47,67.94461,Pitching,20470005,NA,NA,NA,NA
NA,NA,NA,NA,NA,NA,NA,NA,NA,NA,NA,NA,NA,NA,NA,NA,7,2026-01-09,10:21:18,NA,NA,"Stahl, Stefan",831102,Left,BAY_BEA,NA,NA,NA,NA,NA,NA,NA,NA,NA,NA,Fastball,NA,NA,NA,NA,NA,NA,NA,NA,84.97814,-2.457036642,3.877811749,1977.111724,148.2644534,11:00:00,5.66995,-0.85108,4.84512,-19.13151,21.73311,-13.45666,1.74303,1.70393,76.48477,-6.000663009,1.379274086,0.4600924752,NA,NA,NA,NA,NA,NA,NA,NA,NA,NA,NA,8.25844,12.12197,0.47894,50,5.41105,-7.85093,-122.97176,-5.97776,12.46654,27.61235,-13.87531,NA,NA,NA,NA,NA,NA,NA,NA,NA,NA,NA,NA,NA,NA,NA,NA,NA,NA,NA,NA,NA,NA,NA,NA,NA,NA,NA,NA,NA,NA,NA,c0569b3c-fa3c-4d96-bac0-775c2591e08e,NA,NA,NA,NA,NA,NA,NA,NA,NA,NA,NA,NA,NA,NA,NA,NA,NA,NA,NA,NA,NA,NA,NA,NA,NA,NA,NA,NA,NA,NA,NA,NA,NA,NA,NA,NA,NA,NA,NA,NA,NA,NA,NA,NA,NA,NA,NA,NA,NA,NA,NA,NA,NA,NA,NA,NA,NA,NA,NA,NA,NA,NA,NA,NA,NA,NA,NA,159.575217,-12.2347418,1932.206724,0.9772875759,11:15:00,NA,NA,NA,NA,NA,NA,NA,NA,NA,NA,NA,NA,NA,NA,NA,NA,NA,NA,NA,NA,NA,NA,NA,NA,NA,NA,NA,NA,NA,NA,NA,NA,NA,NA,NA,NA,NA,Live,NA,47ed2e9f-5235-475d-b750-6e9d28bdab47,81.92362,Pitching,20470005,NA,NA,NA,NA
NA,NA,NA,NA,NA,NA,NA,NA,NA,NA,NA,NA,NA,NA,NA,NA,8,2026-01-09,10:21:32,NA,NA,"Stahl, Stefan",831102,Left,BAY_BEA,NA,NA,NA,NA,NA,NA,NA,NA,NA,NA,Fastball,NA,NA,NA,NA,NA,NA,NA,NA,83.69067,-1.848341945,3.787204301,1964.235056,146.884395,11:00:00,5.61644,-0.90268,4.9842,-21.75577,20.07248,-13.11923,2.05386,1.58509,75.43352,-5.887179317,1.346267144,0.4654855953,NA,NA,NA,NA,NA,NA,NA,NA,NA,NA,NA,8.07486,11.10431,0.54799,50,5.42094,-7.56668,-121.20911,-4.67766,11.85355,26.62293,-15.87339,NA,NA,NA,NA,NA,NA,NA,NA,NA,NA,NA,NA,NA,NA,NA,NA,NA,NA,NA,NA,NA,NA,NA,NA,NA,NA,NA,NA,NA,NA,NA,def565ff-433f-49f9-b244-0d45495786ba,NA,NA,NA,NA,NA,NA,NA,NA,NA,NA,NA,NA,NA,NA,NA,NA,NA,NA,NA,NA,NA,NA,NA,NA,NA,NA,NA,NA,NA,NA,NA,NA,NA,NA,NA,NA,NA,NA,NA,NA,NA,NA,NA,NA,NA,NA,NA,NA,NA,NA,NA,NA,NA,NA,NA,NA,NA,NA,NA,NA,NA,NA,NA,NA,NA,NA,NA,150.9473478,-18.60451602,1861.590549,0.9477432669,11:00:00,NA,NA,NA,NA,NA,NA,NA,NA,NA,NA,NA,NA,NA,NA,NA,NA,NA,NA,NA,NA,NA,NA,NA,NA,NA,NA,NA,NA,NA,NA,NA,NA,NA,NA,NA,NA,NA,Live,NA,47ed2e9f-5235-475d-b750-6e9d28bdab47,80.97445,Pitching,20470005,NA,NA,NA,NA
NA,NA,NA,NA,NA,NA,NA,NA,NA,NA,NA,NA,NA,NA,NA,NA,9,2026-01-09,10:21:48,NA,NA,"Stahl, Stefan",831102,Left,BAY_BEA,NA,NA,NA,NA,NA,NA,NA,NA,NA,NA,ChangeUp,NA,NA,NA,NA,NA,NA,NA,NA,72.40281,-0.9893575419,1.878122222,1579.09176,110.3176779,09:45:00,5.59116,-1.22098,4.28453,-49.2838,8.1609,-22.14502,0.53736,-1.26952,65.67109,-9.981931108,-2.209826294,0.5455020681,NA,NA,NA,NA,NA,NA,NA,NA,NA,NA,NA,11.96219,4.50694,1.03872,50,5.43591,-2.70909,-104.89455,-3.43822,13.08414,20.76775,-27.2444,NA,NA,NA,NA,NA,NA,NA,NA,NA,NA,NA,NA,NA,NA,NA,NA,NA,NA,NA,NA,NA,NA,NA,NA,NA,NA,NA,NA,NA,NA,NA,9d17aef6-955a-4ceb-93ae-158732cd22c1,NA,NA,NA,NA,NA,NA,NA,NA,NA,NA,NA,NA,NA,NA,NA,NA,NA,NA,NA,NA,NA,NA,NA,NA,NA,NA,NA,NA,NA,NA,NA,NA,NA,NA,NA,NA,NA,NA,NA,NA,NA,NA,NA,NA,NA,NA,NA,NA,NA,NA,NA,NA,NA,NA,NA,NA,NA,NA,NA,NA,NA,NA,NA,NA,NA,NA,NA,NA,-16.113514640000002,1517.055112,0.9607137158,NA,NA,NA,NA,NA,NA,NA,NA,NA,NA,NA,NA,NA,NA,NA,NA,NA,NA,NA,NA,NA,NA,NA,NA,NA,NA,NA,NA,NA,NA,NA,NA,NA,NA,NA,NA,NA,NA,Live,NA,47ed2e9f-5235-475d-b750-6e9d28bdab47,69.09678,Pitching,20470005,NA,NA,NA,NA
NA,NA,NA,NA,NA,NA,NA,NA,NA,NA,NA,NA,NA,NA,NA,NA,10,2026-01-09,10:22:02,NA,NA,"Stahl, Stefan",831102,Left,BAY_BEA,NA,NA,NA,NA,NA,NA,NA,NA,NA,NA,Fastball,NA,NA,NA,NA,NA,NA,NA,NA,83.85045,-1.985138898,1.576675262,1964.645902,150.7712355,11:00:00,5.65648,-0.74189,4.97085,-19.30494,22.51403,-12.60749,2.17147,-0.3031,75.13072,-5.580361353,-0.7817106572,0.4654339197,NA,NA,NA,NA,NA,NA,NA,NA,NA,NA,NA,7.14781,12.48422,0.59966,50,5.44962,-2.90772,-121.5773,-4.88736,10.48045,28.36278,-13.86909,NA,NA,NA,NA,NA,NA,NA,NA,NA,NA,NA,NA,NA,NA,NA,NA,NA,NA,NA,NA,NA,NA,NA,NA,NA,NA,NA,NA,NA,NA,NA,c6fe119d-d7cd-4700-9d01-bf552dc3f699,NA,NA,NA,NA,NA,NA,NA,NA,NA,NA,NA,NA,NA,NA,NA,NA,NA,NA,NA,NA,NA,NA,NA,NA,NA,NA,NA,NA,NA,NA,NA,NA,NA,NA,NA,NA,NA,NA,NA,NA,NA,NA,NA,NA,NA,NA,NA,NA,NA,NA,NA,NA,NA,NA,NA,NA,NA,NA,NA,NA,NA,NA,NA,NA,NA,NA,NA,NA,-12.89183992,1915.123033,0.9747929797,NA,NA,NA,NA,NA,NA,NA,NA,NA,NA,NA,NA,NA,NA,NA,NA,NA,NA,NA,NA,NA,NA,NA,NA,NA,NA,NA,NA,NA,NA,NA,NA,NA,NA,NA,NA,NA,NA,Live,NA,47ed2e9f-5235-475d-b750-6e9d28bdab47,80.98344,Pitching,20470005,NA,NA,NA,NA
NA,NA,NA,NA,NA,NA,NA,NA,NA,NA,NA,NA,NA,NA,NA,NA,11,2026-01-09,10:22:15,NA,NA,"Stahl, Stefan",831102,Left,BAY_BEA,NA,NA,NA,NA,NA,NA,NA,NA,NA,NA,Fastball,NA,NA,NA,NA,NA,NA,NA,NA,84.5917,-2.656120915,1.54208367,1941.893627,145.5784295,10:45:00,5.63993,-0.84088,5.16364,-18.67685,21.90787,-15.0124,1.58128,-0.64038,76.34004,-6.128899206,-1.26652688,0.4585140658,NA,NA,NA,NA,NA,NA,NA,NA,NA,NA,NA,8.40957,12.40235,0.7084,50,5.37848,-2.78826,-122.70118,-6.33501,12.64055,27.46133,-13.53188,NA,NA,NA,NA,NA,NA,NA,NA,NA,NA,NA,NA,NA,NA,NA,NA,NA,NA,NA,NA,NA,NA,NA,NA,NA,NA,NA,NA,NA,NA,NA,9678e328-ba89-4f5f-baa0-57b106acb03c,NA,NA,NA,NA,NA,NA,NA,NA,NA,NA,NA,NA,NA,NA,NA,NA,NA,NA,NA,NA,NA,NA,NA,NA,NA,NA,NA,NA,NA,NA,NA,NA,NA,NA,NA,NA,NA,NA,NA,NA,NA,NA,NA,NA,NA,NA,NA,NA,NA,NA,NA,NA,NA,NA,NA,NA,NA,NA,NA,NA,NA,NA,NA,NA,NA,NA,NA,153.1802679,-11.26185789,1904.502239,0.9807448837,11:00:00,NA,NA,NA,NA,NA,NA,NA,NA,NA,NA,NA,NA,NA,NA,NA,NA,NA,NA,NA,NA,NA,NA,NA,NA,NA,NA,NA,NA,NA,NA,NA,NA,NA,NA,NA,NA,NA,Live,NA,47ed2e9f-5235-475d-b750-6e9d28bdab47,82.20563,Pitching,20470005,NA,NA,NA,NA
NA,NA,NA,NA,NA,NA,NA,NA,NA,NA,NA,NA,NA,NA,NA,NA,12,2026-01-09,10:34:31,NA,NA,"Craig, Gabe",700582,Right,BAY_PRA,NA,NA,NA,NA,NA,NA,NA,NA,NA,NA,Fastball,NA,NA,NA,NA,NA,NA,NA,NA,90.95065,-1.00641759,-2.536507755,2502.519623,205.5289745,12:45:00,5.48314,1.78323,5.18812,-19.28378,15.56856,7.45276,2.92847,0.01682,82.39615,-4.595224056,-1.147264426,0.4249006262,NA,NA,NA,NA,NA,NA,NA,NA,NA,NA,NA,-4.69003,8.50745,-1.55349,50,5.37549,5.57365,-132.03594,-3.03451,-8.21537,30.14336,-17.27183,NA,NA,NA,NA,NA,NA,NA,NA,NA,NA,NA,NA,NA,NA,NA,NA,NA,NA,NA,NA,NA,NA,NA,NA,NA,NA,NA,NA,NA,NA,NA,84350441-ae4e-481c-87b9-f60da67011ea,NA,NA,NA,NA,NA,NA,NA,NA,NA,NA,NA,NA,NA,NA,NA,NA,NA,NA,NA,NA,NA,NA,NA,NA,NA,NA,NA,NA,NA,NA,NA,NA,NA,NA,NA,NA,NA,NA,NA,NA,NA,NA,NA,NA,NA,NA,NA,NA,NA,NA,NA,NA,NA,NA,NA,NA,NA,NA,NA,NA,NA,NA,NA,NA,NA,NA,NA,203.4716852,40.641763,1898.90377,0.7587967552,12:45:00,NA,NA,NA,NA,NA,NA,NA,NA,NA,NA,NA,NA,NA,NA,NA,NA,NA,NA,NA,NA,NA,NA,NA,NA,NA,NA,NA,NA,NA,NA,NA,NA,NA,NA,NA,NA,NA,Live,NA,47ed2e9f-5235-475d-b750-6e9d28bdab47,88.70883,Pitching,20470005,NA,NA,NA,NA
NA,NA,NA,NA,NA,NA,NA,NA,NA,NA,NA,NA,NA,NA,NA,NA,13,2026-01-09,10:34:46,NA,NA,"Craig, Gabe",700582,Right,BAY_PRA,NA,NA,NA,NA,NA,NA,NA,NA,NA,NA,Fastball,NA,NA,NA,NA,NA,NA,NA,NA,91.18963,-1.182059801,-1.500114516,2517.539406,203.7638052,12:45:00,5.43533,1.83061,5.25972,-19.158080000000002,15.37418,6.78117,2.72788,0.98621,82.67704,-4.751171536,-0.2334611379,0.4229450405,NA,NA,NA,NA,NA,NA,NA,NA,NA,NA,NA,-4.03321,8.47786,-1.69831,50,5.31336,3.22054,-132.47616,-3.43715,-7.1124,30.33135,-17.22371,NA,NA,NA,NA,NA,NA,NA,NA,NA,NA,NA,NA,NA,NA,NA,NA,NA,NA,NA,NA,NA,NA,NA,NA,NA,NA,NA,NA,NA,NA,NA,37047227-7e98-4d19-99f7-4ed421504cd8,NA,NA,NA,NA,NA,NA,NA,NA,NA,NA,NA,NA,NA,NA,NA,NA,NA,NA,NA,NA,NA,NA,NA,NA,NA,NA,NA,NA,NA,NA,NA,NA,NA,NA,NA,NA,NA,NA,NA,NA,NA,NA,NA,NA,NA,NA,NA,NA,NA,NA,NA,NA,NA,NA,NA,NA,NA,NA,NA,NA,NA,NA,NA,NA,NA,NA,NA,197.8109824,40.40072712,1917.181991,0.7615300824,12:30:00,NA,NA,NA,NA,NA,NA,NA,NA,NA,NA,NA,NA,NA,NA,NA,NA,NA,NA,NA,NA,NA,NA,NA,NA,NA,NA,NA,NA,NA,NA,NA,NA,NA,NA,NA,NA,NA,Live,NA,47ed2e9f-5235-475d-b750-6e9d28bdab47,89.119,Pitching,20470005,NA,NA,NA,NA
NA,NA,NA,NA,NA,NA,NA,NA,NA,NA,NA,NA,NA,NA,NA,NA,14,2026-01-09,10:35:04,NA,NA,"Craig, Gabe",700582,Right,BAY_PRA,NA,NA,NA,NA,NA,NA,NA,NA,NA,NA,Fastball,NA,NA,NA,NA,NA,NA,NA,NA,91.06366,-2.356136767,-2.962544538,2498.585167,204.0426208,12:45:00,5.4646,1.74946,5.46873,-19.16216,15.3524,6.85872,1.65886,-0.4536,82.51385,-5.933468097,-1.677338078,0.4228365808,NA,NA,NA,NA,NA,NA,NA,NA,NA,NA,NA,-4.55761,8.89597,-1.49374,50,5.24453,6.59451,-132.10771,-6.12006,-7.97841,30.62264,-16.60106,NA,NA,NA,NA,NA,NA,NA,NA,NA,NA,NA,NA,NA,NA,NA,NA,NA,NA,NA,NA,NA,NA,NA,NA,NA,NA,NA,NA,NA,NA,NA,fd8d1e2f-f5f3-433e-9d72-2ed5b40bcb6e,NA,NA,NA,NA,NA,NA,NA,NA,NA,NA,NA,NA,NA,NA,NA,NA,NA,NA,NA,NA,NA,NA,NA,NA,NA,NA,NA,NA,NA,NA,NA,NA,NA,NA,NA,NA,NA,NA,NA,NA,NA,NA,NA,NA,NA,NA,NA,NA,NA,NA,NA,NA,NA,NA,NA,NA,NA,NA,NA,NA,NA,NA,NA,NA,NA,NA,NA,196.0942839,38.20414096,1963.418698,0.7858121966,12:30:00,NA,NA,NA,NA,NA,NA,NA,NA,NA,NA,NA,NA,NA,NA,NA,NA,NA,NA,NA,NA,NA,NA,NA,NA,NA,NA,NA,NA,NA,NA,NA,NA,NA,NA,NA,NA,NA,Live,NA,47ed2e9f-5235-475d-b750-6e9d28bdab47,89.14186,Pitching,20470005,NA,NA,NA,NA
NA,NA,NA,NA,NA,NA,NA,NA,NA,NA,NA,NA,NA,NA,NA,NA,15,2026-01-09,10:35:24,NA,NA,"Craig, Gabe",700582,Right,BAY_PRA,NA,NA,NA,NA,NA,NA,NA,NA,NA,NA,Sinker,NA,NA,NA,NA,NA,NA,NA,NA,89.63323,-0.6944309962,-0.556228072,2109.069972,223.1357365,01:30:00,5.39941,1.67906,5.04918,-23.43496,12.71418,11.93921,2.79156,2.14943,80.9959,-5.051374399,1.670728356,0.432733343,NA,NA,NA,NA,NA,NA,NA,NA,NA,NA,NA,-6.44269,6.89287,-1.63538,50,5.31526,0.82113,-130.17872,-2.44685,-10.92167,30.42033,-20.48924,NA,NA,NA,NA,NA,NA,NA,NA,NA,NA,NA,NA,NA,NA,NA,NA,NA,NA,NA,NA,NA,NA,NA,NA,NA,NA,NA,NA,NA,NA,NA,d537c46d-2e17-4490-a8fd-00acc82cf40f,NA,NA,NA,NA,NA,NA,NA,NA,NA,NA,NA,NA,NA,NA,NA,NA,NA,NA,NA,NA,NA,NA,NA,NA,NA,NA,NA,NA,NA,NA,NA,NA,NA,NA,NA,NA,NA,NA,NA,NA,NA,NA,NA,NA,NA,NA,NA,NA,NA,NA,NA,NA,NA,NA,NA,NA,NA,NA,NA,NA,NA,NA,NA,NA,NA,NA,NA,231.660783,43.03207807,1541.670585,0.730971758,01:45:00,NA,NA,NA,NA,NA,NA,NA,NA,NA,NA,NA,NA,NA,NA,NA,NA,NA,NA,NA,NA,NA,NA,NA,NA,NA,NA,NA,NA,NA,NA,NA,NA,NA,NA,NA,NA,NA,Live,NA,47ed2e9f-5235-475d-b750-6e9d28bdab47,87.10315,Pitching,20470005,NA,NA,NA,NA
NA,NA,NA,NA,NA,NA,NA,NA,NA,NA,NA,NA,NA,NA,NA,NA,16,2026-01-09,10:35:44,NA,NA,"Craig, Gabe",700582,Right,BAY_PRA,NA,NA,NA,NA,NA,NA,NA,NA,NA,NA,Sinker,NA,NA,NA,NA,NA,NA,NA,NA,90.76406,-2.191457172,-2.718851601,2072.799356,237.4468778,02:00:00,5.38464,1.78675,5.18301,-24.59475,10.79781,16.91934,1.27021,0.63711,81.63082,-6.776816599,0.4530513658,0.4281809845,NA,NA,NA,NA,NA,NA,NA,NA,NA,NA,NA,-9.841,6.43242,-1.54675,50,5.16293,5.62922,-131.55985,-5.93894,-16.93217,32.66959,-21.1066,NA,NA,NA,NA,NA,NA,NA,NA,NA,NA,NA,NA,NA,NA,NA,NA,NA,NA,NA,NA,NA,NA,NA,NA,NA,NA,NA,NA,NA,NA,NA,5f49b812-e66d-4da9-9122-a30105d62951,NA,NA,NA,NA,NA,NA,NA,NA,NA,NA,NA,NA,NA,NA,NA,NA,NA,NA,NA,NA,NA,NA,NA,NA,NA,NA,NA,NA,NA,NA,NA,NA,NA,NA,NA,NA,NA,NA,NA,NA,NA,NA,NA,NA,NA,NA,NA,NA,NA,NA,NA,NA,NA,NA,NA,NA,NA,NA,NA,NA,NA,NA,NA,NA,NA,NA,NA,209.9950023,38.25045882,1627.794152,0.7853119732,01:00:00,NA,NA,NA,NA,NA,NA,NA,NA,NA,NA,NA,NA,NA,NA,NA,NA,NA,NA,NA,NA,NA,NA,NA,NA,NA,NA,NA,NA,NA,NA,NA,NA,NA,NA,NA,NA,NA,Live,NA,47ed2e9f-5235-475d-b750-6e9d28bdab47,88.02922,Pitching,20470005,NA,NA,NA,NA
NA,NA,NA,NA,NA,NA,NA,NA,NA,NA,NA,NA,NA,NA,NA,NA,17,2026-01-09,10:36:11,NA,NA,"Craig, Gabe",700582,Right,BAY_PRA,NA,NA,NA,NA,NA,NA,NA,NA,NA,NA,Sinker,NA,NA,NA,NA,NA,NA,NA,NA,89.74987,-1.859198647,-1.96085326,2085.176234,236.2629757,02:00:00,5.38746,1.82775,5.13435,-26.4754,9.42308,14.13171,1.42899,1.1584,81.517,-6.76728742,0.6743412615,0.4312304204,NA,NA,NA,NA,NA,NA,NA,NA,NA,NA,NA,-8.03067,5.52265,-1.65473,50,5.1933,3.94099,-130.27288,-5.20376,-13.67939,29.61226,-22.76681,NA,NA,NA,NA,NA,NA,NA,NA,NA,NA,NA,NA,NA,NA,NA,NA,NA,NA,NA,NA,NA,NA,NA,NA,NA,NA,NA,NA,NA,NA,NA,a665740b-4228-4bac-b6b1-cc24f6083284,NA,NA,NA,NA,NA,NA,NA,NA,NA,NA,NA,NA,NA,NA,NA,NA,NA,NA,NA,NA,NA,NA,NA,NA,NA,NA,NA,NA,NA,NA,NA,NA,NA,NA,NA,NA,NA,NA,NA,NA,NA,NA,NA,NA,NA,NA,NA,NA,NA,NA,NA,NA,NA,NA,NA,NA,NA,NA,NA,NA,NA,NA,NA,NA,NA,NA,NA,NA,38.54755987,1630.797884,0.7820911526,NA,NA,NA,NA,NA,NA,NA,NA,NA,NA,NA,NA,NA,NA,NA,NA,NA,NA,NA,NA,NA,NA,NA,NA,NA,NA,NA,NA,NA,NA,NA,NA,NA,NA,NA,NA,NA,NA,Live,NA,47ed2e9f-5235-475d-b750-6e9d28bdab47,87.40673,Pitching,20470005,NA,NA,NA,NA
NA,NA,NA,NA,NA,NA,NA,NA,NA,NA,NA,NA,NA,NA,NA,NA,18,2026-01-09,10:36:30,NA,NA,"Craig, Gabe",700582,Right,BAY_PRA,NA,NA,NA,NA,NA,NA,NA,NA,NA,NA,ChangeUp,NA,NA,NA,NA,NA,NA,NA,NA,84.63885,-2.144748716,-1.661318105,2121.648953,247.43666,02:15:00,5.32363,1.72858,5.04708,-33.63262,7.20003,17.35994,0.49643,1.60803,76.5144,-8.3754981570000009,1.585641612,0.4599124889,NA,NA,NA,NA,NA,NA,NA,NA,NA,NA,NA,-9.67468,4.49291,-1.58381,50,5.0935,2.95567,-122.74709,-5.76989,-14.49959,28.30129,-25.44045,NA,NA,NA,NA,NA,NA,NA,NA,NA,NA,NA,NA,NA,NA,NA,NA,NA,NA,NA,NA,NA,NA,NA,NA,NA,NA,NA,NA,NA,NA,NA,5074d28d-15b3-4172-8db1-7e22a21b7d50,NA,NA,NA,NA,NA,NA,NA,NA,NA,NA,NA,NA,NA,NA,NA,NA,NA,NA,NA,NA,NA,NA,NA,NA,NA,NA,NA,NA,NA,NA,NA,NA,NA,NA,NA,NA,NA,NA,NA,NA,NA,NA,NA,NA,NA,NA,NA,NA,NA,NA,NA,NA,NA,NA,NA,NA,NA,NA,NA,NA,NA,NA,NA,NA,NA,NA,NA,227.236239,50.41647499,1351.919822,0.6372024078,01:30:00,NA,NA,NA,NA,NA,NA,NA,NA,NA,NA,NA,NA,NA,NA,NA,NA,NA,NA,NA,NA,NA,NA,NA,NA,NA,NA,NA,NA,NA,NA,NA,NA,NA,NA,NA,NA,NA,Live,NA,47ed2e9f-5235-475d-b750-6e9d28bdab47,81.95568,Pitching,20470005,NA,NA,NA,NA
NA,NA,NA,NA,NA,NA,NA,NA,NA,NA,NA,NA,NA,NA,NA,NA,19,2026-01-09,10:36:46,NA,NA,"Craig, Gabe",700582,Right,BAY_PRA,NA,NA,NA,NA,NA,NA,NA,NA,NA,NA,ChangeUp,NA,NA,NA,NA,NA,NA,NA,NA,85.6257,-1.978609858,-2.51976952,2119.22594,240.1125038,02:00:00,5.39618,1.67237,5.22271,-30.55455,8.66064,15.09154,0.98749,0.55983,78.15448,-7.633892927,0.293052485,0.4507114338,NA,NA,NA,NA,NA,NA,NA,NA,NA,NA,NA,-8.69736,5.14784,-1.45125,50,5.19134,4.946,-124.28341,-5.35725,-13.53191,26.13413,-24.16471,NA,NA,NA,NA,NA,NA,NA,NA,NA,NA,NA,NA,NA,NA,NA,NA,NA,NA,NA,NA,NA,NA,NA,NA,NA,NA,NA,NA,NA,NA,NA,7571286c-ccae-4ed0-bf33-b9b2d1e1f46b,NA,NA,NA,NA,NA,NA,NA,NA,NA,NA,NA,NA,NA,NA,NA,NA,NA,NA,NA,NA,NA,NA,NA,NA,NA,NA,NA,NA,NA,NA,NA,NA,NA,NA,NA,NA,NA,NA,NA,NA,NA,NA,NA,NA,NA,NA,NA,NA,NA,NA,NA,NA,NA,NA,NA,NA,NA,NA,NA,NA,NA,NA,NA,NA,NA,NA,NA,232.0923517,42.11512329,1572.039376,0.7417988552,01:45:00,NA,NA,NA,NA,NA,NA,NA,NA,NA,NA,NA,NA,NA,NA,NA,NA,NA,NA,NA,NA,NA,NA,NA,NA,NA,NA,NA,NA,NA,NA,NA,NA,NA,NA,NA,NA,NA,Live,NA,47ed2e9f-5235-475d-b750-6e9d28bdab47,83.62876,Pitching,20470005,NA,NA,NA,NA
NA,NA,NA,NA,NA,NA,NA,NA,NA,NA,NA,NA,NA,NA,NA,NA,20,2026-01-09,10:37:03,NA,NA,"Craig, Gabe",700582,Right,BAY_PRA,NA,NA,NA,NA,NA,NA,NA,NA,NA,NA,ChangeUp,NA,NA,NA,NA,NA,NA,NA,NA,84.46043,-1.075198184,-2.607371757,2084.064183,243.8897764,02:15:00,5.33876,1.69841,5.33804,-31.9569,8.52776,17.45295,1.66598,0.70539,76.2567,-7.044109219,0.6697455347,0.4579485254,NA,NA,NA,NA,NA,NA,NA,NA,NA,NA,NA,-10.11189,4.87648,-1.47558,50,5.21951,4.99993,-122.55976,-3.36691,-15.1365,27.80628,-24.87444,NA,NA,NA,NA,NA,NA,NA,NA,NA,NA,NA,NA,NA,NA,NA,NA,NA,NA,NA,NA,NA,NA,NA,NA,NA,NA,NA,NA,NA,NA,NA,58113ecf-6463-40da-bd0c-9d47c5adf4bc,NA,NA,NA,NA,NA,NA,NA,NA,NA,NA,NA,NA,NA,NA,NA,NA,NA,NA,NA,NA,NA,NA,NA,NA,NA,NA,NA,NA,NA,NA,NA,NA,NA,NA,NA,NA,NA,NA,NA,NA,NA,NA,NA,NA,NA,NA,NA,NA,NA,NA,NA,NA,NA,NA,NA,NA,NA,NA,NA,NA,NA,NA,NA,NA,NA,NA,NA,228.730998,41.70003992,1556.040927,0.7466377188,01:30:00,NA,NA,NA,NA,NA,NA,NA,NA,NA,NA,NA,NA,NA,NA,NA,NA,NA,NA,NA,NA,NA,NA,NA,NA,NA,NA,NA,NA,NA,NA,NA,NA,NA,NA,NA,NA,NA,Live,NA,47ed2e9f-5235-475d-b750-6e9d28bdab47,82.30715,Pitching,20470005,NA,NA,NA,NA
NA,NA,NA,NA,NA,NA,NA,NA,NA,NA,NA,NA,NA,NA,NA,NA,21,2026-01-09,10:37:22,NA,NA,"Craig, Gabe",700582,Right,BAY_PRA,NA,NA,NA,NA,NA,NA,NA,NA,NA,NA,Fastball,NA,NA,NA,NA,NA,NA,NA,NA,91.21214,-2.200496694,-2.757931515,2393.930489,204.4341885,12:45:00,5.4071,1.86048,5.37243,-16.82003,17.61358,8.01224,1.93926,-0.05914,82.75488,-5.335123377,-1.260421208,0.4223404146,NA,NA,NA,NA,NA,NA,NA,NA,NA,NA,NA,-5.07191,9.99835,-1.6191,50,5.19821,6.08759,-132.3641,-5.69798,-8.93567,30.08362,-14.55899,NA,NA,NA,NA,NA,NA,NA,NA,NA,NA,NA,NA,NA,NA,NA,NA,NA,NA,NA,NA,NA,NA,NA,NA,NA,NA,NA,NA,NA,NA,NA,37d83121-ae30-4d79-b97f-120094831491,NA,NA,NA,NA,NA,NA,NA,NA,NA,NA,NA,NA,NA,NA,NA,NA,NA,NA,NA,NA,NA,NA,NA,NA,NA,NA,NA,NA,NA,NA,NA,NA,NA,NA,NA,NA,NA,NA,NA,NA,NA,NA,NA,NA,NA,NA,NA,NA,NA,NA,NA,NA,NA,NA,NA,NA,NA,NA,NA,NA,NA,NA,NA,NA,NA,NA,NA,215.0817988,39.39892782,1849.898896,0.7727454512,01:15:00,NA,NA,NA,NA,NA,NA,NA,NA,NA,NA,NA,NA,NA,NA,NA,NA,NA,NA,NA,NA,NA,NA,NA,NA,NA,NA,NA,NA,NA,NA,NA,NA,NA,NA,NA,NA,NA,Live,NA,47ed2e9f-5235-475d-b750-6e9d28bdab47,89.24658,Pitching,20470005,NA,NA,NA,NA
NA,NA,NA,NA,NA,NA,NA,NA,NA,NA,NA,NA,NA,NA,NA,NA,22,2026-01-09,10:37:40,NA,NA,"Craig, Gabe",700582,Right,BAY_PRA,NA,NA,NA,NA,NA,NA,NA,NA,NA,NA,Slider,NA,NA,NA,NA,NA,NA,NA,NA,82.56218,-0.8464144477,-0.3105543595,2885.157181,84.08018947,08:45:00,5.44742,2.00185,4.34379,-46.18291,-2.13515,-20.21994,0.79014,0.02016,74.87531,-9.281031448,-4.042815608,0.477675905,NA,NA,NA,NA,NA,NA,NA,NA,NA,NA,NA,10.27309,-0.81396,-1.94919,50,5.3124,1.40387,-119.68816,-3.49301,14.62223,27.14466,-33.3326,NA,NA,NA,NA,NA,NA,NA,NA,NA,NA,NA,NA,NA,NA,NA,NA,NA,NA,NA,NA,NA,NA,NA,NA,NA,NA,NA,NA,NA,NA,NA,5df4eb69-555b-4022-a46d-fe26f534da3a,NA,NA,NA,NA,NA,NA,NA,NA,NA,NA,NA,NA,NA,NA,NA,NA,NA,NA,NA,NA,NA,NA,NA,NA,NA,NA,NA,NA,NA,NA,NA,NA,NA,NA,NA,NA,NA,NA,NA,NA,NA,NA,NA,NA,NA,NA,NA,NA,NA,NA,NA,NA,NA,NA,NA,NA,NA,NA,NA,NA,NA,NA,NA,NA,NA,NA,NA,52.60036925,59.11707243,1480.909495,0.5132855516,07:45:00,NA,NA,NA,NA,NA,NA,NA,NA,NA,NA,NA,NA,NA,NA,NA,NA,NA,NA,NA,NA,NA,NA,NA,NA,NA,NA,NA,NA,NA,NA,NA,NA,NA,NA,NA,NA,NA,Live,NA,47ed2e9f-5235-475d-b750-6e9d28bdab47,78.90798,Pitching,20470005,NA,NA,NA,NA
NA,NA,NA,NA,NA,NA,NA,NA,NA,NA,NA,NA,NA,NA,NA,NA,23,2026-01-09,10:37:55,NA,NA,"Craig, Gabe",700582,Right,BAY_PRA,NA,NA,NA,NA,NA,NA,NA,NA,NA,NA,Slider,NA,NA,NA,NA,NA,NA,NA,NA,83.84608,-1.018973751,-2.335892427,2860.770226,97.35757529,09:15:00,5.52068,1.95638,NA,-43.95772,1.45797,-11.65779,0.85212,-1.31904,76.14466,-8.788675217,-4.414184675,0.4850364002,NA,NA,NA,NA,NA,NA,NA,NA,NA,NA,NA,4.89338,1.02422,-1.61693,50,5.31486,5.47622,-121.14247,-4.17235,7.18126,26.41536,-30.67095,NA,NA,NA,NA,NA,NA,NA,NA,NA,NA,NA,NA,NA,NA,NA,NA,NA,NA,NA,NA,NA,NA,NA,NA,NA,NA,NA,NA,NA,NA,NA,3f3323b0-ba17-4c86-8938-490dce35cb9e,NA,NA,NA,NA,NA,NA,NA,NA,NA,NA,NA,NA,NA,NA,NA,NA,NA,NA,NA,NA,NA,NA,NA,NA,NA,NA,NA,NA,NA,NA,NA,NA,NA,NA,NA,NA,NA,NA,NA,NA,NA,NA,NA,NA,NA,NA,NA,NA,NA,NA,NA,NA,NA,NA,NA,NA,NA,NA,NA,NA,NA,NA,NA,NA,NA,NA,NA,49.53121231,63.84853378,1260.872032,0.44074565,07:45:00,NA,NA,NA,NA,NA,NA,NA,NA,NA,NA,NA,NA,NA,NA,NA,NA,NA,NA,NA,NA,NA,NA,NA,NA,NA,NA,NA,NA,NA,NA,NA,NA,NA,NA,NA,NA,NA,Live,NA,47ed2e9f-5235-475d-b750-6e9d28bdab47,NA,Pitching,20470005,NA,NA,NA,NA
NA,NA,NA,NA,NA,NA,NA,NA,NA,NA,NA,NA,NA,NA,NA,NA,24,2026-01-09,10:38:19,NA,NA,"Craig, Gabe",700582,Right,BAY_PRA,NA,NA,NA,NA,NA,NA,NA,NA,NA,NA,Sinker,NA,NA,NA,NA,NA,NA,NA,NA,90.71045,-2.166576856,-3.364813731,2101.58374,234.2075156,01:45:00,5.40336,1.61178,5.41586,-24.48114,10.61159,14.72751,1.32946,-0.31622,81.72147,-6.746408778,-0.5972939697,0.4263634541,NA,NA,NA,NA,NA,NA,NA,NA,NA,NA,NA,-8.93825,6.35695,-1.32293,50,5.19412,7.21087,-131.48149,-5.84641,-15.39125,32.1226,-21.22767,NA,NA,NA,NA,NA,NA,NA,NA,NA,NA,NA,NA,NA,NA,NA,NA,NA,NA,NA,NA,NA,NA,NA,NA,NA,NA,NA,NA,NA,NA,NA,071c8c37-145b-4dd1-8719-c40f8648cd50,NA,NA,NA,NA,NA,NA,NA,NA,NA,NA,NA,NA,NA,NA,NA,NA,NA,NA,NA,NA,NA,NA,NA,NA,NA,NA,NA,NA,NA,NA,NA,NA,NA,NA,NA,NA,NA,NA,NA,NA,NA,NA,NA,NA,NA,NA,NA,NA,NA,NA,NA,NA,NA,NA,NA,NA,NA,NA,NA,NA,NA,NA,NA,NA,NA,NA,NA,212.6977512,37.78036449,1661.018258,0.7903650118,01:00:00,NA,NA,NA,NA,NA,NA,NA,NA,NA,NA,NA,NA,NA,NA,NA,NA,NA,NA,NA,NA,NA,NA,NA,NA,NA,NA,NA,NA,NA,NA,NA,NA,NA,NA,NA,NA,NA,Live,NA,47ed2e9f-5235-475d-b750-6e9d28bdab47,88.40448,Pitching,20470005,NA,NA,NA,NA
NA,NA,NA,NA,NA,NA,NA,NA,NA,NA,NA,NA,NA,NA,NA,NA,25,2026-01-09,10:38:35,NA,NA,"Craig, Gabe",700582,Right,BAY_PRA,NA,NA,NA,NA,NA,NA,NA,NA,NA,NA,ChangeUp,NA,NA,NA,NA,NA,NA,NA,NA,85.11642,-2.866662204,-4.019242865,2189.016862,255.9649585,02:30:00,5.39808,1.67773,5.35688,NA,NA,NA,NA,NA,NA,NA,NA,NA,NA,NA,NA,NA,NA,NA,NA,NA,NA,NA,NA,-9.55509,2.9809,-1.32732,50,5.11495,8.13588,-123.24583,-7.39134,-14.52444,27.17362,-27.64286,NA,NA,NA,NA,NA,NA,NA,NA,NA,NA,NA,NA,NA,NA,NA,NA,NA,NA,NA,NA,NA,NA,NA,NA,NA,NA,NA,NA,NA,NA,NA,9b9a1dab-90a2-4a97-a51c-859e0008daee,NA,NA,NA,NA,NA,NA,NA,NA,NA,NA,NA,NA,NA,NA,NA,NA,NA,NA,NA,NA,NA,NA,NA,NA,NA,NA,NA,NA,NA,NA,NA,NA,NA,NA,NA,NA,NA,NA,NA,NA,NA,NA,NA,NA,NA,NA,NA,NA,NA,NA,NA,NA,NA,NA,NA,NA,NA,NA,NA,NA,NA,NA,NA,NA,NA,NA,NA,NA,50.13891765,1403.003061,0.6409283935,NA,NA,NA,NA,NA,NA,NA,NA,NA,NA,NA,NA,NA,NA,NA,NA,NA,NA,NA,NA,NA,NA,NA,NA,NA,NA,NA,NA,NA,NA,NA,NA,NA,NA,NA,NA,NA,NA,Live,NA,47ed2e9f-5235-475d-b750-6e9d28bdab47,NA,Pitching,20470005,NA,NA,NA,NA
NA,NA,NA,NA,NA,NA,NA,NA,NA,NA,NA,NA,NA,NA,NA,NA,26,2026-01-09,10:38:54,NA,NA,"Craig, Gabe",700582,Right,BAY_PRA,NA,NA,NA,NA,NA,NA,NA,NA,NA,NA,ChangeUp,NA,NA,NA,NA,NA,NA,NA,NA,84.63032,-2.624871781,-2.403876233,2113.390778,259.402589,02:45:00,5.34713,1.74298,5.21923,NA,NA,NA,NA,NA,NA,NA,NA,NA,NA,NA,NA,NA,NA,NA,NA,NA,NA,NA,NA,-10.13781,2.57879,-1.53431,50,5.07782,4.54661,-122.72873,-6.89564,-15.27725,27.00376,-28.28792,NA,NA,NA,NA,NA,NA,NA,NA,NA,NA,NA,NA,NA,NA,NA,NA,NA,NA,NA,NA,NA,NA,NA,NA,NA,NA,NA,NA,NA,NA,NA,d4d700b6-e1b4-4df9-a901-d71a13f23ddd,NA,NA,NA,NA,NA,NA,NA,NA,NA,NA,NA,NA,NA,NA,NA,NA,NA,NA,NA,NA,NA,NA,NA,NA,NA,NA,NA,NA,NA,NA,NA,NA,NA,NA,NA,NA,NA,NA,NA,NA,NA,NA,NA,NA,NA,NA,NA,NA,NA,NA,NA,NA,NA,NA,NA,NA,NA,NA,NA,NA,NA,NA,NA,NA,NA,NA,NA,201.220959,48.05244835,1412.69618,0.668450054,12:45:00,NA,NA,NA,NA,NA,NA,NA,NA,NA,NA,NA,NA,NA,NA,NA,NA,NA,NA,NA,NA,NA,NA,NA,NA,NA,NA,NA,NA,NA,NA,NA,NA,NA,NA,NA,NA,NA,Live,NA,47ed2e9f-5235-475d-b750-6e9d28bdab47,NA,Pitching,20470005,NA,NA,NA,NA
NA,NA,NA,NA,NA,NA,NA,NA,NA,NA,NA,NA,NA,NA,NA,NA,27,2026-01-09,10:39:10,NA,NA,"Craig, Gabe",700582,Right,BAY_PRA,NA,NA,NA,NA,NA,NA,NA,NA,NA,NA,Fastball,NA,NA,NA,NA,NA,NA,NA,NA,90.91883,-1.577425103,-1.469480952,2487.761518,205.597325,12:45:00,5.3744,1.78949,5.38157,-18.80603,15.68622,7.52554,2.32793,1.03904,82.70934,-5.081076774,-0.06277950653,0.4226999554,NA,NA,NA,NA,NA,NA,NA,NA,NA,NA,NA,-4.41883,8.77753,-1.66344,50,5.22039,3.11853,-132.1196,-4.31606,-7.77368,29.38952,-16.73249,NA,NA,NA,NA,NA,NA,NA,NA,NA,NA,NA,NA,NA,NA,NA,NA,NA,NA,NA,NA,NA,NA,NA,NA,NA,NA,NA,NA,NA,NA,NA,52fed18b-7027-44d9-bfcd-c83a65691611,NA,NA,NA,NA,NA,NA,NA,NA,NA,NA,NA,NA,NA,NA,NA,NA,NA,NA,NA,NA,NA,NA,NA,NA,NA,NA,NA,NA,NA,NA,NA,NA,NA,NA,NA,NA,NA,NA,NA,NA,NA,NA,NA,NA,NA,NA,NA,NA,NA,NA,NA,NA,NA,NA,NA,NA,NA,NA,NA,NA,NA,NA,NA,NA,NA,NA,NA,196.4501739,41.07764189,1875.324033,0.7538198576,12:30:00,NA,NA,NA,NA,NA,NA,NA,NA,NA,NA,NA,NA,NA,NA,NA,NA,NA,NA,NA,NA,NA,NA,NA,NA,NA,NA,NA,NA,NA,NA,NA,NA,NA,NA,NA,NA,NA,Live,NA,47ed2e9f-5235-475d-b750-6e9d28bdab47,89.17067,Pitching,20470005,NA,NA,NA,NA
NA,NA,NA,NA,NA,NA,NA,NA,NA,NA,NA,NA,NA,NA,NA,NA,28,2026-01-09,10:39:27,NA,NA,"Craig, Gabe",700582,Right,BAY_PRA,NA,NA,NA,NA,NA,NA,NA,NA,NA,NA,Fastball,NA,NA,NA,NA,NA,NA,NA,NA,90.11935,-2.339688938,-3.598186171,2420.516495,203.1407881,12:45:00,5.43154,1.63269,5.64463,-18.57477,16.29075,6.97503,1.69599,-1.14636,82.0849,-5.808466563,-2.292105437,0.4249809467,NA,NA,NA,NA,NA,NA,NA,NA,NA,NA,NA,-4.7728,9.39446,-1.33185,50,5.2211,7.98389,-130.74917,-5.9865,-8.23102,28.53604,-15.97265,NA,NA,NA,NA,NA,NA,NA,NA,NA,NA,NA,NA,NA,NA,NA,NA,NA,NA,NA,NA,NA,NA,NA,NA,NA,NA,NA,NA,NA,NA,NA,aa5bcf2c-10c7-4dc6-b30b-3564ca8f0abb,NA,NA,NA,NA,NA,NA,NA,NA,NA,NA,NA,NA,NA,NA,NA,NA,NA,NA,NA,NA,NA,NA,NA,NA,NA,NA,NA,NA,NA,NA,NA,NA,NA,NA,NA,NA,NA,NA,NA,NA,NA,NA,NA,NA,NA,NA,NA,NA,NA,NA,NA,NA,NA,NA,NA,NA,NA,NA,NA,NA,NA,NA,NA,NA,NA,NA,NA,209.9810541,43.68029408,1750.528956,0.7232047205,01:00:00,NA,NA,NA,NA,NA,NA,NA,NA,NA,NA,NA,NA,NA,NA,NA,NA,NA,NA,NA,NA,NA,NA,NA,NA,NA,NA,NA,NA,NA,NA,NA,NA,NA,NA,NA,NA,NA,Live,NA,47ed2e9f-5235-475d-b750-6e9d28bdab47,88.69207,Pitching,20470005,NA,NA,NA,NA
